{
  "$schema": "https://developer.joomla.org/schemas/json-schema/web_assets.json",
  "name": "plg_system_schedulerunner",
  "version": "4.0.0",
  "description": "Joomla CMS",
  "license": "GPL-2.0-or-later",
  "assets": [
    {
      "name": "plg_system_schedulerunner.run-schedule.es5",
      "type": "script",
      "uri": "plg_system_schedulerunner/run-schedule-es5.min.js",
      "dependencies": [
        "core"
      ],
      "attributes": {
        "nomodule": true,
        "defer": true
      },
      "version": "6c79a5f335ccd5e9f0a6e658e4e4832e37ab7727"
    },
    {
      "name": "plg_system_schedulerunner.run-schedule",
      "type": "script",
      "uri": "plg_system_schedulerunner/run-schedule.min.js",
      "dependencies": [
        "plg_system_schedulerunner.run-schedule.es5",
        "core"
      ],
      "attributes": {
        "type": "module"
      },
      "version": "78bb6c91d00e4bb7b25fddf9c51907fe7fa39b1b"
    }
  ]
}