{
  "$schema": "https://developer.joomla.org/schemas/json-schema/web_assets.json",
  "name": "com_cpanel",
  "version": "4.0.0",
  "description": "Joomla CMS",
  "license": "GPL-2.0-or-later",
  "assets": [
    {
      "name": "com_cpanel.admin-addmodule.es5",
      "type": "script",
      "uri": "com_cpanel/admin-add_module-es5.min.js",
      "dependencies": [
        "core"
      ],
      "attributes": {
        "nomodule": true,
        "defer": true
      },
      "version": "26cff6e5baf165bee4fd7d3124fe1199867e32b7"
    },
    {
      "name": "com_cpanel.admin-addmodule",
      "type": "script",
      "uri": "com_cpanel/admin-add_module.min.js",
      "dependencies": [
        "com_cpanel.admin-addmodule.es5"
      ],
      "attributes": {
        "type": "module"
      },
      "version": "c9e73b44b91f436de58aa5eb543424e3a6a67661"
    },
    {
      "name": "com_cpanel.admin-cpanel.es5",
      "type": "script",
      "uri": "com_cpanel/admin-cpanel-default-es5.min.js",
      "dependencies": [
        "core"
      ],
      "attributes": {
        "nomodule": true,
        "defer": true
      },
      "version": "0c1123965d6d894951bb8e5a99c31308de282054"
    },
    {
      "name": "com_cpanel.admin-cpanel",
      "type": "script",
      "uri": "com_cpanel/admin-cpanel-default.min.js",
      "dependencies": [
        "com_cpanel.admin-cpanel.es5"
      ],
      "attributes": {
        "type": "module"
      },
      "version": "d0c778e80ef73d87cec2ae9795e8e01340066824"
    },
    {
      "name": "com_cpanel.admin-system-loader.es5",
      "type": "script",
      "uri": "com_cpanel/admin-system-loader-es5.min.js",
      "dependencies": [
        "core"
      ],
      "attributes": {
        "nomodule": true,
        "defer": true
      },
      "version": "4cae1f21b7eda76e8739682c21e3c97a9554d3f2"
    },
    {
      "name": "com_cpanel.admin-system-loader",
      "type": "script",
      "uri": "com_cpanel/admin-system-loader.min.js",
      "dependencies": [
        "com_cpanel.admin-system-loader.es5"
      ],
      "attributes": {
        "type": "module",
        "defer": true
      },
      "version": "674df5978cceeebbbd1385cb7bea84288afdca13"
    }
  ]
}