{
    "site.sql": {
        "dbtype": "pdomysql",
        "dbtech": "mysql",
        "dbname": "ipolynwq_bank",
        "sqlfile": "site.sql",
        "marker": "\n\/**ABDB**\/",
        "dbhost": "localhost",
        "dbport": "",
        "dbsocket": "",
        "dbuser": "ipolynwq_bank",
        "dbpass": "f%kXw6%n",
        "prefix": "bd44v_",
        "dbencryption": 0,
        "dbsslcipher": "",
        "dbsslca": "",
        "dbsslkey": "",
        "dbsslcert": "",
        "dbsslverifyservercert": 0,
        "parts": 8,
        "tables": [
            "#__action_log_config",
            "#__action_logs",
            "#__action_logs_extensions",
            "#__action_logs_users",
            "#__acym_action",
            "#__acym_automation",
            "#__acym_campaign",
            "#__acym_condition",
            "#__acym_configuration",
            "#__acym_field",
            "#__acym_followup",
            "#__acym_followup_has_mail",
            "#__acym_form",
            "#__acym_history",
            "#__acym_list",
            "#__acym_mail",
            "#__acym_mail_has_list",
            "#__acym_mail_override",
            "#__acym_mail_stat",
            "#__acym_plugin",
            "#__acym_queue",
            "#__acym_rule",
            "#__acym_segment",
            "#__acym_step",
            "#__acym_tag",
            "#__acym_url",
            "#__acym_url_click",
            "#__acym_user",
            "#__acym_user_has_field",
            "#__acym_user_has_list",
            "#__acym_user_stat",
            "#__akeeba_common",
            "#__akeebabackup_backups",
            "#__akeebabackup_profiles",
            "#__akeebabackup_storage",
            "#__assets",
            "#__associations",
            "#__baforms_api",
            "#__baforms_columns",
            "#__baforms_forms",
            "#__baforms_forms_settings",
            "#__baforms_items",
            "#__baforms_pages",
            "#__baforms_poll_results",
            "#__baforms_poll_statistic",
            "#__baforms_submissions",
            "#__baforms_submissions_attachments",
            "#__baforms_templates",
            "#__baforms_tokens",
            "#__banner_clients",
            "#__banner_tracks",
            "#__banners",
            "#__categories",
            "#__contact_details",
            "#__content",
            "#__content_frontpage",
            "#__content_rating",
            "#__content_types",
            "#__contentitem_tag_map",
            "#__extensions",
            "#__fields",
            "#__fields_categories",
            "#__fields_groups",
            "#__fields_values",
            "#__finder_filters",
            "#__finder_links",
            "#__finder_links_terms",
            "#__finder_logging",
            "#__finder_taxonomy",
            "#__finder_taxonomy_map",
            "#__finder_terms",
            "#__finder_terms_common",
            "#__finder_tokens",
            "#__finder_tokens_aggregate",
            "#__finder_types",
            "#__history",
            "#__languages",
            "#__mail_templates",
            "#__menu",
            "#__menu_types",
            "#__messages",
            "#__messages_cfg",
            "#__modules",
            "#__modules_menu",
            "#__newsfeeds",
            "#__overrider",
            "#__postinstall_messages",
            "#__privacy_consents",
            "#__privacy_requests",
            "#__redirect_links",
            "#__scheduler_tasks",
            "#__schemas",
            "#__session",
            "#__tags",
            "#__template_overrides",
            "#__template_styles",
            "#__ucm_base",
            "#__ucm_content",
            "#__update_sites",
            "#__update_sites_extensions",
            "#__updates",
            "#__user_keys",
            "#__user_notes",
            "#__user_profiles",
            "#__user_usergroup_map",
            "#__usergroups",
            "#__users",
            "#__viewlevels",
            "#__webauthn_credentials",
            "#__workflow_associations",
            "#__workflow_stages",
            "#__workflow_transitions",
            "#__workflows"
        ]
    }
}