{
  "$schema": "https://developer.joomla.org/schemas/json-schema/web_assets.json",
  "name": "joomla",
  "version": "4.0.0",
  "description": "Joomla CMS",
  "license": "GPL-2.0-or-later",
  "assets": [
    {
      "name": "template.active",
      "type": "style",
      "uri": "",
      "description": "A dummy asset to allow to extensions to use it as dependency to active template"
    },
    {
      "name": "template.active",
      "type": "script",
      "uri": "",
      "description": "A dummy asset to allow to extensions to use it as dependency to active template"
    },
    {
      "name": "searchtools",
      "type": "style",
      "uri": ""
    },
    {
      "name": "field.calendar.helper",
      "type": "script",
      "uri": ""
    },
    {
      "name": "joomla.batch-copymove",
      "type": "script",
      "uri": "layouts/joomla/html/batch/batch-copymove.min.js",
      "attributes": {
        "defer": true
      }
    },
    {
      "name": "core",
      "type": "script",
      "class": "CoreAssetItem",
      "uri": "system/core.min.js",
      "version": "17121a112ecec3d656efe5c5f493429c9acf2179"
    },
    {
      "name": "keepalive.es5",
      "type": "script",
      "dependencies": [
        "core"
      ],
      "uri": "system/keepalive-es5.min.js",
      "attributes": {
        "defer": true,
        "nomodule": true
      },
      "version": "95286f75736560d5dc4acd7d28fe156d95a15a9c"
    },
    {
      "name": "keepalive",
      "type": "script",
      "class": "KeepaliveAssetItem",
      "dependencies": [
        "keepalive.es5",
        "core"
      ],
      "uri": "system/keepalive.min.js",
      "attributes": {
        "type": "module"
      },
      "version": "20ace83a13886af1b0b5f58386fd8adf33f586a3"
    },
    {
      "name": "messages-legacy",
      "type": "script",
      "uri": "system/messages-es5.min.js",
      "attributes": {
        "nomodule": true,
        "defer": true
      },
      "dependencies": [
        "core"
      ],
      "version": "70b6651d6deab46dc8a25f03338f66f540cc62e2"
    },
    {
      "name": "messages",
      "type": "script",
      "uri": "system/messages.min.js",
      "attributes": {
        "type": "module"
      },
      "dependencies": [
        "messages-legacy"
      ],
      "version": "7425e8d1cb9e4f061d5e30271d6d99b085344117"
    },
    {
      "name": "inlinehelp-legacy",
      "type": "script",
      "uri": "system/inlinehelp-es5.min.js",
      "attributes": {
        "nomodule": true,
        "defer": true
      },
      "dependencies": [
        "core"
      ],
      "version": "a5630c75bc6ae50f121ab45580cf50990eef9468"
    },
    {
      "name": "inlinehelp",
      "type": "script",
      "uri": "system/inlinehelp.min.js",
      "attributes": {
        "type": "module"
      },
      "dependencies": [
        "inlinehelp-legacy"
      ],
      "version": "5e36e075be67c21b2439cfa452060ad3090af052"
    },
    {
      "name": "multiselect",
      "type": "script",
      "dependencies": [
        "core"
      ],
      "uri": "system/multiselect.min.js",
      "attributes": {
        "defer": true
      },
      "version": "a78c7c2184ee83021253d01ce4a5da167199f3c0"
    },
    {
      "name": "searchtools",
      "type": "script",
      "dependencies": [
        "core"
      ],
      "uri": "system/searchtools.min.js",
      "attributes": {
        "defer": true
      },
      "version": "61db5b55e2018b60b2e8ea8f44eefa507e5b1707"
    },
    {
      "name": "showon.es5",
      "type": "script",
      "dependencies": [
        "core"
      ],
      "uri": "system/showon-es5.min.js",
      "attributes": {
        "defer": true,
        "nomodule": true
      },
      "version": "4773265a19291954f19755d6f2ade3ca7ed9022f"
    },
    {
      "name": "showon",
      "type": "script",
      "dependencies": [
        "core",
        "showon.es5"
      ],
      "uri": "system/showon.min.js",
      "attributes": {
        "type": "module"
      },
      "version": "bfc733e48a923aaffb3d959cd04f176bad7d7d52"
    },
    {
      "name": "switcher",
      "type": "style",
      "uri": "system/fields/switcher.min.css",
      "version": "d6e812073123aeb4e035a1ec8ac05e23f492358b"
    },
    {
      "name": "form.validate",
      "type": "script",
      "class": "FormValidateAssetItem",
      "attributes": {
        "defer": true
      },
      "dependencies": [
        "core"
      ],
      "uri": "system/fields/validate.min.js",
      "version": "c2ee475c523b5f35d6904e791a2188057b01c368"
    },
    {
      "name": "field.color-adv",
      "type": "script",
      "uri": "system/fields/color-field-adv-init.min.js",
      "attributes": {
        "defer": true
      },
      "dependencies": [
        "minicolors"
      ],
      "version": "f8387ac06740741c7ab68548b25818a1753a5b3b"
    },
    {
      "name": "joomla.draggable",
      "type": "script",
      "uri": "system/draggable.min.js",
      "attributes": {
        "defer": true
      },
      "dependencies": [
        "dragula"
      ],
      "version": "99df0440a40c558287e34d0ef429ab4d47b0bfc5"
    },
    {
      "name": "highlight-legacy",
      "type": "script",
      "uri": "system/highlight-es5.min.js",
      "attributes": {
        "defer": true,
        "nomodule": true
      },
      "dependencies": [
        "core"
      ],
      "version": "aa8ebfb7e2279f4c00ac105bdf564990812896ad"
    },
    {
      "name": "highlight",
      "type": "script",
      "uri": "system/highlight.min.js",
      "attributes": {
        "type": "module"
      },
      "dependencies": [
        "highlight-legacy"
      ],
      "version": "e3ef70a24440793236a509c9072401c2128bba49"
    },
    {
      "name": "field.passwordview",
      "type": "script",
      "uri": "system/fields/passwordview.min.js",
      "attributes": {
        "defer": true
      },
      "dependencies": [
        "core"
      ],
      "version": "bae2911b22f836c780af199d956a1b22c8604694"
    },
    {
      "name": "field.passwordstrength",
      "type": "script",
      "uri": "system/fields/passwordstrength.min.js",
      "attributes": {
        "defer": true
      },
      "dependencies": [
        "core",
        "form.validate"
      ],
      "version": "3376876c236956a1f7692aab76ab967d0c01ed53"
    },
    {
      "name": "field.calendar",
      "type": "script",
      "uri": "system/fields/calendar.min.js",
      "attributes": {
        "defer": true
      },
      "dependencies": [
        "field.calendar.helper"
      ],
      "version": "98c7f2f8860f0c44d72a82d32ed191007007de67"
    },
    {
      "name": "field.color-slider",
      "type": "script",
      "uri": "system/fields/joomla-field-color-slider.min.js",
      "attributes": {
        "defer": true
      },
      "version": "c3c7758393c9ebc4d5ea70b7ee0509d2e5ea57ad"
    },
    {
      "name": "field.modal-fields",
      "type": "script",
      "uri": "system/fields/modal-fields.min.js",
      "dependencies": [
        "core"
      ],
      "attributes": {
        "defer": true
      },
      "version": "2cf5ce06b5b33eeae7bfc9c13af12daa32ce7475"
    },
    {
      "name": "field.calendar",
      "type": "style",
      "uri": "system/fields/calendar.css",
      "version": "310d8eb8f7b2eeb6f82c417fe1d24271e32a8d95"
    },
    {
      "name": "webcomponent.field-fancy-select-legacy",
      "type": "script",
      "uri": "system/fields/joomla-field-fancy-select-es5.min.js",
      "attributes": {
        "nomodule": true,
        "defer": true
      },
      "dependencies": [
        "wcpolyfill",
        "choicesjs"
      ],
      "version": "94b84a555f30d400bcc9a3ebbbe23fb2d7c384c2"
    },
    {
      "name": "field.calendar-rtl",
      "type": "style",
      "uri": "system/fields/calendar-rtl.css",
      "version": "b2c0e5591d8e71ee353e507ee0d914d5713d383f"
    },
    {
      "name": "webcomponent.field-fancy-select",
      "type": "script",
      "uri": "system/fields/joomla-field-fancy-select.min.js",
      "attributes": {
        "type": "module"
      },
      "dependencies": [
        "choicesjs",
        "webcomponent.field-fancy-select-legacy"
      ],
      "version": "cb7f653c510ddb6c629382e0e62b733f0f9487fa"
    },
    {
      "name": "webcomponent.field-media",
      "type": "style",
      "uri": "system/fields/joomla-field-media.min.css",
      "version": "c467e70dd7f935d60db5934a44e78317be17fdf7"
    },
    {
      "name": "webcomponent.media-select",
      "type": "style",
      "uri": "system/fields/joomla-media-select.min.css",
      "version": "7eaf17cf23f1dfde0bfe26a61f998e5e39d45718"
    },
    {
      "name": "webcomponent.media-select-legacy",
      "type": "script",
      "uri": "system/fields/joomla-media-select-es5.min.js",
      "attributes": {
        "nomodule": true,
        "defer": true
      },
      "dependencies": [
        "wcpolyfill"
      ],
      "version": "d18f2f85eb5cc6b7007456d37caea2149443afe0"
    },
    {
      "name": "webcomponent.media-select",
      "type": "script",
      "uri": "system/fields/joomla-media-select.min.js",
      "attributes": {
        "type": "module"
      },
      "dependencies": [
        "webcomponent.media-select-legacy"
      ],
      "version": "5c0ba0689e5edbcbbca4ea2587bce4fd83265380"
    },
    {
      "name": "webcomponent.field-media-legacy",
      "type": "script",
      "uri": "system/fields/joomla-field-media-es5.min.js",
      "attributes": {
        "nomodule": true,
        "defer": true
      },
      "dependencies": [
        "wcpolyfill"
      ],
      "version": "edf17af57cda309526729bea2d079520adba69a6"
    },
    {
      "name": "webcomponent.field-media",
      "type": "script",
      "uri": "system/fields/joomla-field-media.min.js",
      "attributes": {
        "type": "module"
      },
      "dependencies": [
        "webcomponent.field-media-legacy"
      ],
      "version": "b9214e72c06daafd562e5c4116292b5763a437fe"
    },
    {
      "name": "webcomponent.field-module-order-legacy",
      "type": "script",
      "uri": "system/fields/joomla-field-module-order-es5.min.js",
      "attributes": {
        "nomodule": true,
        "defer": true
      },
      "dependencies": [
        "wcpolyfill"
      ],
      "version": "0ef7bf643c8572ba18dc546573016c53e8800663"
    },
    {
      "name": "webcomponent.field-module-order",
      "type": "script",
      "uri": "system/fields/joomla-field-module-order.min.js",
      "attributes": {
        "type": "module"
      },
      "dependencies": [
        "webcomponent.field-module-order-legacy"
      ],
      "version": "9f7b2a63e13eada7a02ec80fcdd81817627851ae"
    },
    {
      "name": "webcomponent.field-permissions",
      "type": "style",
      "uri": "system/fields/joomla-field-permissions.min.css",
      "version": "92aaadbc4a074712832ce6e80bc0ae84c8ed61ba"
    },
    {
      "name": "webcomponent.field-permissions-legacy",
      "type": "script",
      "uri": "system/fields/joomla-field-permissions-es5.min.js",
      "attributes": {
        "nomodule": true,
        "defer": true
      },
      "dependencies": [
        "wcpolyfill"
      ],
      "version": "a01f919c2b5a3ab6f9e9015c8a051b6d73f08640"
    },
    {
      "name": "webcomponent.field-permissions",
      "type": "script",
      "uri": "system/fields/joomla-field-permissions.min.js",
      "attributes": {
        "type": "module"
      },
      "dependencies": [
        "webcomponent.field-permissions-legacy"
      ],
      "version": "4723b4786f8c24bb2a81f9b46bf819d40f853777"
    },
    {
      "name": "webcomponent.field-send-test-mail-legacy",
      "type": "script",
      "uri": "system/fields/joomla-field-send-test-mail-es5.min.js",
      "attributes": {
        "nomodule": true,
        "defer": true
      },
      "dependencies": [
        "wcpolyfill"
      ],
      "version": "ad8138cb5a0e7bf5db229355b18a1e7e234cc952"
    },
    {
      "name": "webcomponent.field-send-test-mail",
      "type": "script",
      "uri": "system/fields/joomla-field-send-test-mail.min.js",
      "attributes": {
        "type": "module"
      },
      "dependencies": [
        "webcomponent.field-send-test-mail-legacy"
      ],
      "version": "e91fbd76a9dcdcda2f24c2c7cb637038444a5d23"
    },
    {
      "name": "webcomponent.field-simple-color",
      "type": "style",
      "uri": "system/fields/joomla-field-simple-color.min.css",
      "version": "effc087274d6bbc9c0b7ba102b2a540b1a748519"
    },
    {
      "name": "webcomponent.field-simple-color-legacy",
      "type": "script",
      "uri": "system/fields/joomla-field-simple-color-es5.min.js",
      "attributes": {
        "nomodule": true,
        "defer": true
      },
      "dependencies": [
        "wcpolyfill"
      ],
      "version": "d8ad76bf2160644afc3a483007c5462ecb524b29"
    },
    {
      "name": "webcomponent.field-simple-color",
      "type": "script",
      "uri": "system/fields/joomla-field-simple-color.min.js",
      "attributes": {
        "type": "module"
      },
      "dependencies": [
        "webcomponent.field-simple-color-legacy"
      ],
      "version": "8e4052ec81dfa02a736b8078f77aa3004be5b481"
    },
    {
      "name": "webcomponent.field-subform-legacy",
      "type": "script",
      "uri": "system/fields/joomla-field-subform-es5.min.js",
      "attributes": {
        "nomodule": true,
        "defer": true
      },
      "dependencies": [
        "wcpolyfill"
      ],
      "version": "6a4cadbfbfdf673b3672160cecec53670a8d87a2"
    },
    {
      "name": "webcomponent.field-subform",
      "type": "script",
      "uri": "system/fields/joomla-field-subform.min.js",
      "attributes": {
        "type": "module"
      },
      "dependencies": [
        "webcomponent.field-subform-legacy"
      ],
      "version": "0e0b205ec28517c528eb6f94f29ec5aa22842bda"
    },
    {
      "name": "webcomponent.field-user-legacy",
      "type": "script",
      "uri": "system/fields/joomla-field-user-es5.min.js",
      "attributes": {
        "nomodule": true,
        "defer": true
      },
      "dependencies": [
        "wcpolyfill"
      ],
      "version": "1ad3c533757fa321538fc6135856a55669b14edb"
    },
    {
      "name": "webcomponent.field-user",
      "type": "script",
      "uri": "system/fields/joomla-field-user.min.js",
      "attributes": {
        "type": "module"
      },
      "dependencies": [
        "webcomponent.field-user-legacy"
      ],
      "version": "46cf52aed1cab73aa9dfb32f80ee0af5db674465"
    },
    {
      "name": "webcomponent.core-loader-legacy",
      "type": "script",
      "uri": "system/joomla-core-loader-es5.min.js",
      "attributes": {
        "nomodule": true,
        "defer": true
      },
      "dependencies": [
        "wcpolyfill"
      ],
      "version": "f011ab9aa9cd873f4a7032a1703fa42512f7824d"
    },
    {
      "name": "webcomponent.core-loader",
      "type": "script",
      "uri": "system/joomla-core-loader.min.js",
      "attributes": {
        "type": "module"
      },
      "dependencies": [
        "webcomponent.core-loader-legacy"
      ],
      "version": "e8eda5dabc512e926bf77efe51ff88b85976204e"
    },
    {
      "name": "webcomponent.hidden-mail-legacy",
      "type": "script",
      "uri": "system/joomla-hidden-mail-es5.min.js",
      "attributes": {
        "nomodule": true,
        "defer": true
      },
      "dependencies": [
        "wcpolyfill"
      ],
      "version": "8043bcfe22c1d170882efc3d000f60163f4a88b3"
    },
    {
      "name": "webcomponent.hidden-mail",
      "type": "script",
      "uri": "system/joomla-hidden-mail.min.js",
      "attributes": {
        "type": "module"
      },
      "dependencies": [
        "webcomponent.hidden-mail-legacy"
      ],
      "version": "6d18a0e3df2fb871b5bc7538c44a395beddb1c08"
    },
    {
      "name": "webcomponent.toolbar-button-legacy",
      "type": "script",
      "uri": "system/joomla-toolbar-button-es5.min.js",
      "attributes": {
        "nomodule": true,
        "defer": true
      },
      "dependencies": [
        "wcpolyfill"
      ],
      "version": "b789c7848935f266e29fa47fe16b46e93e1ce67a"
    },
    {
      "name": "webcomponent.toolbar-button",
      "type": "script",
      "uri": "system/joomla-toolbar-button.min.js",
      "attributes": {
        "type": "module"
      },
      "dependencies": [
        "webcomponent.toolbar-button-legacy"
      ],
      "version": "176b6426ebbc64fc3b01addcab4f31ae384376d0"
    }
  ]
}