{
  "$schema": "https://developer.joomla.org/schemas/json-schema/web_assets.json",
  "name": "com_scheduler",
  "version": "4.0.0",
  "description": "Joomla CMS",
  "license": "GNU General Public License version 2 or later; see LICENSE.txt",
  "assets": [
    {
      "name": "com_scheduler.test-task.es5",
      "type": "script",
      "uri": "com_scheduler/admin-view-run-test-task-es5.js",
      "dependencies": [
        "core"
      ],
      "attributes": {
        "nomodule": true,
        "defer": true
      },
      "version": "c79425520c3c11db18782606385cdb2b92aeb274"
    },
    {
      "name": "com_scheduler.admin-view-select-task-search.es5",
      "type": "script",
      "uri": "com_scheduler/admin-view-select-task-search-es5.js",
      "dependencies": [
        "core"
      ],
      "attributes": {
        "nomodule": true,
        "defer": true
      },
      "version": "3962de22019daa9a93df32791b1c34b67bb4c30e"
    },
    {
      "name": "com_scheduler.test-task",
      "type": "script",
      "uri": "com_scheduler/admin-view-run-test-task.js",
      "dependencies": [
        "com_scheduler.test-task.es5"
      ],
      "attributes": {
        "type": "module"
      },
      "version": "5835acd7e6481f5049b4b597f92eacc202e30864"
    },
    {
      "name": "com_scheduler.admin-view-select-task-search",
      "type": "script",
      "uri": "com_scheduler/admin-view-select-task-search.js",
      "dependencies": [
        "com_scheduler.admin-view-select-task-search.es5"
      ],
      "attributes": {
        "type": "module"
      },
      "version": "06962e31dcf82e95b63a64d921b84c8466e93d70"
    },
    {
      "name": "com_scheduler.scheduler-config",
      "type": "script",
      "uri": "com_scheduler/scheduler-config.js",
      "dependencies": [
        "core",
        "com_scheduler.scheduler-config.es5"
      ],
      "attributes": {
        "type": "module"
      },
      "version": "58d63d301adf5e6a021de44e2ec82666373245b2"
    },
    {
      "name": "com_scheduler.scheduler-config.es5",
      "type": "script",
      "uri": "com_scheduler/scheduler-config-es5.js",
      "dependencies": [
        "core"
      ],
      "attributes": {
        "nomodule": true
      },
      "version": "718be9dcea3b0dadd8e89028d9985c02a967c2c6"
    },
    {
      "name": "com_scheduler.admin-view-tasks-css",
      "type": "style",
      "uri": "com_scheduler/admin-view-tasks.css",
      "version": "6c2b706ab60432543c2d2307b455c16710b2db35"
    },
    {
      "name": "com_scheduler.admin-view-task-css",
      "type": "style",
      "uri": "com_scheduler/admin-view-task.css",
      "version": "a2a664acbbf8efd2e4d12e52be1b78e12e3ded23"
    },
    {
      "name": "com_scheduler.admin-view-select-task-css",
      "type": "style",
      "uri": "com_scheduler/admin-view-select-task.css",
      "version": "612f22660bddd8deeb6c7e35583db51632982a50"
    }
  ]
}