{
  "$schema": "https://developer.joomla.org/schemas/json-schema/web_assets.json",
  "name": "com_actionlogs",
  "version": "4.0.0",
  "description": "Joomla CMS",
  "license": "GPL-2.0-or-later",
  "assets": [
    {
      "name": "com_actionlogs.admin-actionlogs",
      "type": "script",
      "uri": "com_actionlogs/admin-actionlogs-default.min.js",
      "dependencies": [
        "com_actionlogs.admin-actionlogs.es5"
      ],
      "attributes": {
        "type": "module"
      },
      "version": "ea0278765ca17c2988948346470bd392c790808c"
    },
    {
      "name": "com_actionlogs.admin-actionlogs.es5",
      "type": "script",
      "uri": "com_actionlogs/admin-actionlogs-default-es5.min.js",
      "dependencies": [
        "core"
      ],
      "attributes": {
        "nomodule": true,
        "defer": true
      },
      "version": "86475c82d11c31cda0f20b52e9c746a482724dd2"
    }
  ]
}